category,name,quantity,price,date
vegetables,"Home
›
Fruits & Vegetables
›
Vegetables",Delivering to,Rs. 62,2023-10-04
vegetables,Vegetables,500 gm,Rs. 384,2023-10-04
roti-wraps-pita,"Home
›
Breakfast Essentials
›
Roti, Pita & Tortillas",Delivering to,Rs. 320,2023-10-04
roti-wraps-pita,"Roti, Pita & Tortillas",540 gm,Rs. 95,2023-10-04
cake-and-rusk,"Home
›
Breakfast Essentials
›
Cakes",Delivering to,Rs. 360,2023-10-04
cake-and-rusk,Cakes,1 unit,Rs. 320,2023-10-04
cake-and-rusk,Customer Service,1 unit,Rs. 210,2023-10-04
cake-and-rusk,Company Info,1 unit,Rs. 180,2023-10-04
cake-and-rusk,Help & Support,1 unit,Rs. 180,2023-10-04
cake-and-rusk,Download App,6 Pcs Box,Rs. 105,2023-10-04
cake-and-rusk,We Accept,100 gm,Rs. 180,2023-10-04
cake-and-rusk,"© GROCERAPP (PRIVATE) LIMITED, 2016-2022",175gm,Rs. 100,2023-10-04
raw-milk,"Home
›
Dairy
›
Raw & Fresh Milk",Delivering to,Rs. 379,2023-10-04
raw-milk,Raw & Fresh Milk,2 ltr,Rs. 195,2023-10-04
raw-milk,Gaala Milk Raw (Bachat Pack),Rs. 390,Rs. 199,2023-10-04
raw-milk,Gaala raw milk,1 ltr,Rs. 299,2023-10-04
milk,"Home
›
Dairy
›
UHT Milk",Delivering to,Rs. 3143,2023-10-04
milk,UHT Milk,1 ltr,Rs. 2949,2023-10-04
milk,Nurpur Full Cream Milk Carton (1x12),Rs. 3240,Rs. 265,2023-10-04
milk,Nurpur Full Cream Milk Carton (1x8),1500 ml,Rs. 3143,2023-10-04
milk,Olpers Full Cream Milk,Rs. 3040,Rs. 2960,2023-10-04
milk,Olpers Full Cream Milk Carton (1x12),1 ltr,Rs. 1931,2023-10-04
milk,Olpers Full Cream Milk Carton (1x8),Rs. 270,Rs. 214,2023-10-04
milk,Olpers Full Cream Milk Pouch Carton (1x28),1 ltr,Rs. 59,2023-10-04
milk,Dairy Pure Milk,Rs. 3240,Rs. 2561,2023-10-04
milk,Dairy Pure Milk,1500 ml,Rs. 1572,2023-10-04
milk,Dairy Pure Milk Carton (1x12),Rs. 3020,Rs. 72,2023-10-04
milk,Dairy Pure Milk Carton (1x27),250 ml,Rs. 80,2023-10-04
milk,Nesvita Milk Move+,Rs. 1970,Rs. 54,2023-10-04
milk,Day Fresh Full Cream Milk,1 ltr,Rs. 1078,2023-10-04
milk,Tarang Liquid Tea Whitener Milk,Rs. 220,Rs. 50,2023-10-04
milk,Tarang Tea Whitener Carton (1x24),250 ml,Rs. 270,2023-10-04
milk,Dairy Omung Milk,Rs. 60,Rs. 380,2023-10-04
milk,Nurpur Full Cream Milk,1 ltr,Rs. 68,2023-10-04
milk,Nurpur Full Cream Milk,Rs. 2640,Rs. 1620,2023-10-04
milk,Nurpur Full Cream Milk Pouch,250 ml,Rs. 374,2023-10-04
milk,Nurpur Full Cream Milk Pouch Carton (1x24),Rs. 1620,Rs. 70,2023-10-04
milk,Olpers Full Cream Milk,200 ml,Rs. 70,2023-10-04
milk,Olpers Full Cream Milk,250 ml,Rs. 3360,2023-10-04
milk,Olpers Full Cream Milk Pouch,220 ml,Rs. 280,2023-10-04
milk,Olpers Pro CAL Low Fat Milk Carton (1x12),175 ml,Rs. 280,2023-10-04
milk,Olpers Procal+ Low Fat Milk,225 ml,Rs. 73,2023-10-04
milk,Nestle Milk Pak Full Cream,1 ltr,Rs. 3348,2023-10-04
milk,Nestle Milk Pak Full Cream Milk,1500 ml,Rs. 1960,2023-10-04
milk,Nestle Milk Pak Full Cream Milk Carton (1x12),250 ml,Rs. 300,2023-10-04
cheese,"Home
›
Dairy
›
Cheese",Delivering to,Rs. 547,2023-10-04
cheese,Cheese,200 gm,Rs. 595,2023-10-04
cheese,Nurpur Cheddar Cheese (10 Slice),Rs. 575,Rs. 595,2023-10-04
cheese,Adams Buffalo Mozzarella Cheese,200 gm,Rs. 595,2023-10-04
cheese,Adams Burger Cheese 10 Slices,Rs. 601,Rs. 565,2023-10-04
cheese,Adams Mozarella Cheese,200 gm,Rs. 576,2023-10-04
cheese,Adams Sandwich Cheese,Rs. 601,Rs. 542,2023-10-04
cheese,Adams Single Mozzarella Cheese (slices),200 gm,Rs. 675,2023-10-04
cheese,Adams Toast Cheese,Rs. 601,Rs. 745,2023-10-04
cheese,President Mozzarella Cheese Slices,10 Slices,Rs. 1012,2023-10-04
cheese,President Sandwich Cheese Slices,Rs. 570,Rs. 1896,2023-10-04
cheese,Happy Cow Burger Cheese,200 gm,Rs. 1155,2023-10-04
cheese,Happy Cow Yellow Cheddar Slice Cheese,Rs. 600,Rs. 550,2023-10-04
cheese,Adams Buffalo Mozzarella Cheese,10 Slices,Rs. 1055,2023-10-04
cheese,Adams Cheddar Cheese,Rs. 570,Rs. 500,2023-10-04
cheese,Adams Cheddar Cheese,200 gm,Rs. 600,2023-10-04
cheese,Adams Cottage Cheese,Rs. 750,Rs. 1155,2023-10-04
cheese,Adams Diet Extra Light Cheese Slice,200 ml,Rs. 620,2023-10-04
cheese,Adams Mozzarella Cheese,Rs. 784,Rs. 1210,2023-10-04
cheese,Adams Pizza Cheese,200 gm,Rs. 540,2023-10-04
cheese,Adams Pizza Cheese,Rs. 1099,Rs. 560,2023-10-04
cheese,Adams Singles Cheddar Cheese Slices,400 gm,Rs. 498,2023-10-04
cheese,Prema Cream Cheese,Rs. 1995,Rs. 520,2023-10-04
cheese,Gaala Cream cheese (100% Natural Dairy Product),400 gm,Rs. 500,2023-10-04
oil-and-ghee,"Home
›
Grocery
›
Oil & Ghee",Delivering to,Rs. 580,2023-10-04
spices-salt-and-sugar,"Home
›
Grocery
›
Herbs & Spices",Delivering to,Rs. 183,2023-10-04
spices-salt-and-sugar,Herbs & Spices,50 gm,Rs. 801,2023-10-04
spices-salt-and-sugar,Customer Service,Rs. 215,Rs. 136,2023-10-04
spices-salt-and-sugar,Company Info,100 gm,Rs. 446,2023-10-04
spices-salt-and-sugar,Help & Support,Rs. 890,Rs. 102,2023-10-04
spices-salt-and-sugar,Download App,50 gm,Rs. 173,2023-10-04
spices-salt-and-sugar,We Accept,Rs. 160,Rs. 105,2023-10-04
spices-salt-and-sugar,"© GROCERAPP (PRIVATE) LIMITED, 2016-2022",50 gm,Rs. 336,2023-10-04
salt-sugar,"Home
›
Grocery
›
Salt & Sugar",Delivering to,Rs. 192,2023-10-04
salt-sugar,Salt & Sugar,1 kg,Rs. 170,2023-10-04
salt-sugar,Customer Service,Rs. 220,Rs. 333,2023-10-04
salt-sugar,Company Info,1 kg,Rs. 135,2023-10-04
salt-sugar,Help & Support,Rs. 175,Rs. 131,2023-10-04
salt-sugar,Download App,2 kg,Rs. 70,2023-10-04
salt-sugar,We Accept,Rs. 350,Rs. 70,2023-10-04
salt-sugar,"© GROCERAPP (PRIVATE) LIMITED, 2016-2022",300 gm,Rs. 165,2023-10-04
daalain-rice-and-flour,"Home
›
Grocery
›
Daalain, Rice & Flour",Delivering to,Rs. 499,2023-10-04
daalain-rice-and-flour,"Daalain, Rice & Flour",1 kg,Rs. 366,2023-10-04
daalain-rice-and-flour,Customer Service,Rs. 560,Rs. 272,2023-10-04
daalain-rice-and-flour,Company Info,1 kg,Rs. 1356,2023-10-04
daalain-rice-and-flour,Help & Support,Rs. 430,Rs. 435,2023-10-04
daalain-rice-and-flour,Download App,1 kg,Rs. 2291,2023-10-04
daalain-rice-and-flour,We Accept,Rs. 340,Rs. 2228,2023-10-04
daalain-rice-and-flour,"© GROCERAPP (PRIVATE) LIMITED, 2016-2022",5 kg,Rs. 451,2023-10-04
noodles-pasta,"Home
›
Grocery
›
Noodles & Pasta",Delivering to,Rs. 125,2023-10-04
noodles-pasta,Noodles & Pasta,250 gm,Rs. 70,2023-10-04
sauces-olives-and-pickles,"Home
›
Grocery
›
Sauces & Condiments",Delivering to,Rs. 1035,2023-10-04
sauces-olives-and-pickles,Sauces & Condiments,250 gm,Rs. 455,2023-10-04
sauces-olives-and-pickles,Customer Service,Rs. 1150,Rs. 558,2023-10-04
sauces-olives-and-pickles,Company Info,300 gm,Rs. 266,2023-10-04
sauces-olives-and-pickles,Help & Support,Rs. 650,Rs. 117,2023-10-04
sauces-olives-and-pickles,Download App,1 kg,Rs. 244,2023-10-04
sauces-olives-and-pickles,We Accept,Rs. 620,Rs. 252,2023-10-04
sauces-olives-and-pickles,"© GROCERAPP (PRIVATE) LIMITED, 2016-2022",300 ml,Rs. 203,2023-10-04
sea-food,"Home
›
Meat & Seafood
›
Sea Food",Delivering to,Rs. 650,2023-10-04
measuring-tools,"Home
›
Stationery Shop
›
Measuring Tools",Delivering to,Rs. 470,2023-10-04
measuring-tools,Measuring Tools,1 unit,Rs. 80,2023-10-04
measuring-tools,Geometry Box,1 unit,Rs. 45,2023-10-04
measuring-tools,Geometry Box (Local),1 unit,Rs. 30,2023-10-04
measuring-tools,ORO Scale 6 Inches,1 unit,Rs. 45,2023-10-04
measuring-tools,Protector,1 unit,Rs. 70,2023-10-04
measuring-tools,Scale ABC,1 unit,Rs. 45,2023-10-04
notebooks-papers,"Home
›
Stationery Shop
›
Notebooks & Papers",Delivering to,Rs. 330,2023-10-04
notebooks-papers,Notebooks & Papers,1 unit,Rs. 410,2023-10-04
notebooks-papers,3 Subject Register,1 unit,Rs. 490,2023-10-04
notebooks-papers,4 Subject Register,1 unit,Rs. 699,2023-10-04
notebooks-papers,5 Subject Register,1 unit,Rs. 699,2023-10-04
notebooks-papers,6 Subject Register,1 unit,Rs. 210,2023-10-04
notebooks-papers,7 Subject Register,1 unit,Rs. 590,2023-10-04
notebooks-papers,A4 Paper Size 50pcs,1 unit,Rs. 320,2023-10-04
notebooks-papers,Assignment Sheets,1 unit,Rs. 590,2023-10-04
notebooks-papers,Broad Line Register (Premium Quality) #265,1 unit,Rs. 290,2023-10-04
notebooks-papers,Broad Line Register (Premium Quality) #325,1 unit,Rs. 180,2023-10-04
notebooks-papers,Broad Line Sheet (AP),1 unit,Rs. 225,2023-10-04
notebooks-papers,Broad Line Sheets,1 unit,Rs. 299,2023-10-04
notebooks-papers,Broad Line Sheets (Premium Quality),1 unit,Rs. 180,2023-10-04
notebooks-papers,Broad Line Sheets (SP),20 piece,Rs. 180,2023-10-04
notebooks-papers,Color Paper A4 Size,1 unit,Rs. 180,2023-10-04
notebooks-papers,Counting Book,1 unit,Rs. 180,2023-10-04
notebooks-papers,English Register #150,1 unit,Rs. 225,2023-10-04
notebooks-papers,English Sheets,1 unit,Rs. 240,2023-10-04
notebooks-papers,English Sheets (Premium Quality),1 unit,Rs. 280,2023-10-04
notebooks-papers,Envelope A4 Brown,1 unit,Rs. 225,2023-10-04
notebooks-papers,Envelope A4 White,1 unit,Rs. 180,2023-10-04
notebooks-papers,Math Sheets (Premium Quality),1 unit,Rs. 130,2023-10-04
notebooks-papers,Money Envelope (6pcs),1 unit,Rs. 182,2023-10-04
notebooks-papers,My First Encyclopedia,1 unit,Rs. 225,2023-10-04
notebooks-papers,Narrow Line Sheets,1 unit,Rs. 230,2023-10-04
notebooks-papers,Narrow Line Sheets (Premium Quality),1 unit,Rs. 225,2023-10-04
notebooks-papers,Picture Dictionary Activity Book,1 unit,Rs. 325,2023-10-04
notebooks-papers,Register 3 In 1 #210,5 unit,Rs. 380,2023-10-04
notebooks-papers,Register Broad Line #260,1 unit,Rs. 225,2023-10-04
learning-books,"Home
›
Stationery Shop
›
Learning Books",Delivering to,Rs. 299,2023-10-04
learning-books,Learning Books,1 unit,Rs. 299,2023-10-04
learning-books,Fairytales Story Book,1 unit,Rs. 370,2023-10-04
learning-books,Islamic Story Book,1 unit,Rs. 270,2023-10-04
learning-books,Poem Books With 3D Glasses,1 unit,Rs. 450,2023-10-04
learning-books,Reading Books 5 In 1,1 unit,Rs. 250,2023-10-04
learning-books,Reading books For Kids (All In One),1 unit,Rs. 150,2023-10-04
art-crafts,"Home
›
Stationery Shop
›
Art & Crafts",Delivering to,Rs. 830,2023-10-04
art-crafts,Art & Crafts,1 unit,Rs. 280,2023-10-04
art-crafts,Acrylic Color 12S,1 unit,Rs. 350,2023-10-04
art-crafts,Air Pump Baloon,1 unit,Rs. 100,2023-10-04
art-crafts,Balloon 25pcs,1 unit,Rs. 200,2023-10-04
art-crafts,Balloon 8pcs,1 unit,Rs. 710,2023-10-04
art-crafts,Balloon Heart Shape 8 Pcs,1 unit,Rs. 1190,2023-10-04
art-crafts,Color Kit (42),68 piece,Rs. 350,2023-10-04
art-crafts,Color kit (68),1 unit,Rs. 350,2023-10-04
art-crafts,Crystal Paint Brush 6Pcs,1 unit,Rs. 240,2023-10-04
art-crafts,Crystal Paint Brush Round 6pcs,1 unit,Rs. 150,2023-10-04
art-crafts,Dollar Bliss Ink Pen 2Pcs,1 unit,Rs. 100,2023-10-04
art-crafts,Gift Bag Large,1 unit,Rs. 50,2023-10-04
art-crafts,Gift Bag Medium,1 unit,Rs. 499,2023-10-04
art-crafts,Gift Bag Small,1 unit,Rs. 499,2023-10-04
art-crafts,Glitter Color Pen Set 12Pcs,1 unit,Rs. 810,2023-10-04
art-crafts,Glitter Sheet Multi Color 6Pcs,1 unit,Rs. 440,2023-10-04
art-crafts,Glue Gun Large,1 unit,Rs. 299,2023-10-04
art-crafts,Glue Gun Small,1 unit,Rs. 200,2023-10-04
art-crafts,Golden Marker,1 unit,Rs. 290,2023-10-04
art-crafts,Goldfish Color Pencil Small,1 unit,Rs. 350,2023-10-04
art-crafts,Goldfish Color Pencils Large,1 unit,Rs. 80,2023-10-04
art-crafts,Goldfish Crayons Jumbo,1 unit,Rs. 90,2023-10-04
art-crafts,Ice Cream Stick Colored 4.5 inches,1 unit,Rs. 180,2023-10-04
art-crafts,Ice Cream Sticks 6 inch Brown,1 unit,Rs. 299,2023-10-04
art-crafts,Mercury Color Marker Set,1 unit,Rs. 220,2023-10-04
art-crafts,Multi Color Straw Packet,1 unit,Rs. 210,2023-10-04
art-crafts,Play Dough Multi Color 12Pcs,1 unit,Rs. 210,2023-10-04
art-crafts,Pointer Black 4S,1 unit,Rs. 499,2023-10-04
art-crafts,Pointer Blue 4Pcs,1 unit,Rs. 240,2023-10-04
bags-pouches,"Home
›
Stationery Shop
›
Bags & Pouches",Delivering to,Rs. 150,2023-10-04
bags-pouches,Bags & Pouches,1 unit,Rs. 60,2023-10-04
chips-and-nimko,"Home
›
Snacks & Confectionary
›
Chips",Delivering to,Rs. 80,2023-10-04
chips-and-nimko,Chips,95 gm,Rs. 315,2023-10-04
chips-and-nimko,Super Crisp Masla Chips,Rs. 100,Rs. 315,2023-10-04
chips-and-nimko,Nimcos Chilli Ringz Crackers,100 gm,Rs. 264,2023-10-04
chips-and-nimko,Nimcos Dal Moong,Rs. 349,Rs. 53,2023-10-04
chips-and-nimko,Nimcos Salty Potato Sticks,200 gm,Rs. 325,2023-10-04
chips-and-nimko,Super Crisp Masala Rs.50,Rs. 346,Rs. 80,2023-10-04
chips-and-nimko,Nimcos Spicy Potato Sticks,180 gm,Rs. 150,2023-10-04
chips-and-nimko,Noms Nachos Cheddar Jalapeno,Rs. 352,Rs. 80,2023-10-04
chips-and-nimko,Noms Nachos Cheddar Jalapeno,46 gm,Rs. 150,2023-10-04
chips-and-nimko,Noms Nachos Chilli Lemon,Rs. 60,Rs. 80,2023-10-04
chips-and-nimko,Noms Nachos Chilli Lemon,180 gm,Rs. 155,2023-10-04
chips-and-nimko,Noms Nachos Thai Sweet Chilli,35 gm,Rs. 30,2023-10-04
chips-and-nimko,Noms Nachos Thai Sweet Chilli,75 gm,Rs. 10,2023-10-04
chips-and-nimko,KOLSON Jalapeno Slanty Rs.30,35 gm,Rs. 20,2023-10-04
chips-and-nimko,Kolson Salted Slanty Rs 10,75 gm,Rs. 20,2023-10-04
chips-and-nimko,Kolson Shackers French Cheese Rs 20,35 gm,Rs. 20,2023-10-04
chips-and-nimko,Kolson Slanty Jalapeno Rs 20,75 gm,Rs. 20,2023-10-04
chips-and-nimko,Kolson Slanty Salted Rs 20,34 gm,Rs. 10,2023-10-04
chips-and-nimko,Kolson Slanty Vegetable Rs 20,5 gm,Rs. 10,2023-10-04
chips-and-nimko,Kolson Snackers French Cheese Rs. 10,23 gm,Rs. 399,2023-10-04
chips-and-nimko,Kolson Vegetable Slanty Rs 10,12 gm,Rs. 60,2023-10-04
chips-and-nimko,Pringles Hot & Spicy (Imported),12 gm,Rs. 40,2023-10-04
chips-and-nimko,Super Crisp Sweet Chilli,12 gm,Rs. 59,2023-10-04
chips-and-nimko,Super Crisp Bar.B.Q,1 unit,Rs. 100,2023-10-04
chips-and-nimko,Super Crisp Bar.B.Q,5 gm,Rs. 30,2023-10-04
chips-and-nimko,Super Crisp Bar.B.Q,40 gm,Rs. 20,2023-10-04
chips-and-nimko,Super Crisp Bar.B.Q Potato Chips,46 gm,Rs. 20,2023-10-04
chips-and-nimko,Super Crisp Bar.B.Q Rs.20,30 gm,Rs. 40,2023-10-04
chips-and-nimko,Super Crisp Catty Chins,46 gm,Rs. 60,2023-10-04
chocolates,"Home
›
Snacks & Confectionary
›
Chocolates",Delivering to,Rs. 319,2023-10-04
misc-foods,"Home
›
Snacks & Confectionary
›
Popcorn",Delivering to,Rs. 65,2023-10-04
misc-foods,Popcorn,29 gm,Rs. 130,2023-10-04
misc-foods,Pop Nosh Caramel Crunch Popcorn,68 gm,Rs. 120,2023-10-04
jellies,"Home
›
Snacks & Confectionary
›
Jellies",Delivering to,Rs. 159,2023-10-04
tea,"Home
›
Beverages
›
Tea",Delivering to,Rs. 957,2023-10-04
tea,Tea,200 gm,Rs. 235,2023-10-04
tea,Tapal Danedar Round Teabags 80pcs,Rs. 1100,Rs. 221,2023-10-04
tea,Tapal Green Tea Selection Pack Tea Bags,48 gm,Rs. 1640,2023-10-04
tea,Tapal Green Tea Tropical Peach 30pcs,Rs. 270,Rs. 176,2023-10-04
tea,Tapal Tezdum Tea Pouch,45 gm,Rs. 180,2023-10-04
tea,Lipton Green Tea mango (25s),Rs. 240,Rs. 2156,2023-10-04
tea,Lipton Green Tea Peach (25s),900 gm,Rs. 740,2023-10-04
tea,Lipton Yellow Label Pouch,Rs. 1690,Rs. 1700,2023-10-04
tea,Hamdard Fit & Lite Tea 30 Bags,25 piece,Rs. 220,2023-10-04
tea,Vital Black Tea Pouch,Rs. 220,Rs. 1695,2023-10-04
tea,Tapal Danedar round tea bags 16 pc,25 piece,Rs. 850,2023-10-04
tea,Tapal Danedar Tea,Rs. 250,Rs. 1700,2023-10-04
tea,Tapal Danedar Teabags Ktb 100pcs,800 gm,Rs. 350,2023-10-04
tea,Tapal Family Mixture Economy Pack Tea,Rs. 2199,Rs. 829,2023-10-04
tea,Tapal Family Mixture Tea,1 unit,Rs. 240,2023-10-04
tea,Tapal Family Mixture Tea,Rs. 850,Rs. 240,2023-10-04
tea,Tapal Green Elaichi Tea Bags 30pcs,900 gm,Rs. 345,2023-10-04
tea,Tapal Green Moroccan Mint Tea Bags 30pcs,40 gm,Rs. 830,2023-10-04
tea,Tapal Tezdum Tea,900 gm,Rs. 180,2023-10-04
tea,Tapal Tezdum Tea,200 gm,Rs. 269,2023-10-04
tea,Tapal Tezdum Tea,900 gm,Rs. 1748,2023-10-04
sharbat,"Home
›
Beverages
›
Sharbat & Squash",Delivering to,Rs. 446,2023-10-04
sharbat,Sharbat & Squash,1500 ml,Rs. 528,2023-10-04
cold-drinks,"Home
›
Beverages
›
Cold Drinks",Delivering to,Rs. 80,2023-10-04
instant-drinks,"Home
›
Beverages
›
Instant Drinks",Delivering to,Rs. 1330,2023-10-04
women-care,"Home
›
Personal Care
›
Women Care",Delivering to,Rs. 2640,2023-10-04
women-care,Women Care,1 unit,Rs. 225,2023-10-04
women-care,Venus Breeze 2up,Rs. 2999,Rs. 282,2023-10-04
women-care,Veet Face Wax Strips Normal,8 piece,Rs. 32,2023-10-04
women-care,Butterfly Mother Comforts Medium Size Napkins,Rs. 255,Rs. 882,2023-10-04
women-care,Treet Femina 1s Pouch,16 piece,Rs. 335,2023-10-04
women-care,Always Feather Soft 2 in 1 Sanitary Pads Long Trio Pack,Rs. 375,Rs. 356,2023-10-04
women-care,"Always Feather Soft 2in1 Nights Sanitary Pads, Extra Lo...",1 unit,Rs. 654,2023-10-04
women-care,"Always Thicks Maxi Night Sanitary Pads, Extra Long, Sin...",Rs. 35,Rs. 1193,2023-10-04
women-care,"Always Thicks Maxi Night Sanitary Pads, Extra Long, Val...",26 piece,Rs. 1193,2023-10-04
women-care,Always Ultra Sanitary Pads Extra Long Quatro Pack,Rs. 1260,Rs. 286,2023-10-04
women-care,Always Ultra Sanitary Pads Long Quatro Pack,1 unit,Rs. 286,2023-10-04
women-care,Embrace Essential Maxi Extra-Long,Rs. 385,Rs. 308,2023-10-04
women-care,Embrace Essential Ultrathin Extra-Long,1 piece,Rs. 315,2023-10-04
women-care,Embrace Sensitives Maxi Extra-Long,Rs. 395,Rs. 306,2023-10-04
women-care,Embrace Sensitives Maxi Long,16 piece,Rs. 313,2023-10-04
women-care,Embrace Sensitives Ultrathin Extra-Long,Rs. 710,Rs. 1505,2023-10-04
women-care,Embrace Sensitives Ultrathin Long,1 unit,Rs. 1488,2023-10-04
women-care,Nivea Deo Spary Invisible Clean,Rs. 1325,Rs. 1505,2023-10-04
women-care,Nivea Dry Comfort Body Spray,1 unit,Rs. 3960,2023-10-04
women-care,Nivea Fresh Natural Body Spray,Rs. 1325,Rs. 2250,2023-10-04
women-care,Venus Breeze Cart of 4,8 piece,Rs. 3402,2023-10-04
women-care,Venus Smooth 6Blades,Rs. 310,Rs. 645,2023-10-04
women-care,Venus Smooth Cart of 4,8 piece,Rs. 1745,2023-10-04
women-care,Veet Cold Wax Strips Normal,Rs. 310,Rs. 345,2023-10-04
women-care,Veet Cream Silk Fresh Dry,8 piece,Rs. 445,2023-10-04
women-care,Veet Face Wax Strips Sensitive Skin,Rs. 350,Rs. 445,2023-10-04
women-care,Veet Lotion Normal,9 piece,Rs. 770,2023-10-04
women-care,Veet Lotion Sensitive,Rs. 350,Rs. 60,2023-10-04
women-care,Butterfly Ultra Wide XXL,8 piece,Rs. 160,2023-10-04
skin-care,"Home
›
Personal Care
›
Skin Care",Delivering to,Rs. 141,2023-10-04
skin-care,Skin Care,70 gm,Rs. 810,2023-10-04
skin-care,Black Cat Diamond Perfumed Talc,Rs. 165,Rs. 1161,2023-10-04
skin-care,Clean & Clear Deep Action Cleanser,100 ml,Rs. 1202,2023-10-04
skin-care,Clean & Clear Morning Energy Shine Control Facewash,Rs. 899,Rs. 1205,2023-10-04
skin-care,Clean & Clear Morning Energy Skin Brightening,150 ml,Rs. 1219,2023-10-04
skin-care,Clean & Clear Morning Energy Skin Energiser Facewash,Rs. 1350,Rs. 92,2023-10-04
skin-care,Clean & Clear Scrub Morning Energy,150 ml,Rs. 2428,2023-10-04
skin-care,Hamdard Gulab Mist,Rs. 1350,Rs. 1870,2023-10-04
skin-care,Nivea Cream Blue Tin,150 ml,Rs. 175,2023-10-04
skin-care,Nivea Creme Blue Tin,Rs. 1385,Rs. 165,2023-10-04
skin-care,Black Cat Bliss Perfume Talc,150 ml,Rs. 395,2023-10-04
skin-care,Black Cat Elegant Perfumed Talc,Rs. 1385,Rs. 165,2023-10-04
skin-care,Black Cat Perfumed Talc Regular,120 ml,Rs. 165,2023-10-04
skin-care,Black Cat Powder Regular,Rs. 115,Rs. 165,2023-10-04
skin-care,Black Cat Talcum Powder Passion,250 ml,Rs. 165,2023-10-04
skin-care,Black Cat Talcum Powder Romance,Rs. 2790,Rs. 125,2023-10-04
diaper-and-wipes,"Home
›
Baby Care
›
Diaper & Wipes",Delivering to,Rs. 2280,2023-10-04
diaper-and-wipes,Diaper & Wipes,54 piece,Rs. 1488,2023-10-04
diaper-and-wipes,Molfix 3D UV Size 4 Maxi Jumbo,Rs. 2849,Rs. 188,2023-10-04
diaper-and-wipes,Canbebe Diapers Size 5 (11-25kg),28 piece,Rs. 3188,2023-10-04
diaper-and-wipes,Shield Baby Wipes 60 pcs,Rs. 1750,Rs. 2078,2023-10-04
diaper-and-wipes,Molfix 3D Extra Large Pack Size 6,1 unit,Rs. 2082,2023-10-04
diaper-and-wipes,Molfix UV 3D Mini Jumbo Pack Size 2,Rs. 250,Rs. 1275,2023-10-04
diaper-and-wipes,Molfix 3D UV Midi Jumbo Size 3,60 piece,Rs. 1785,2023-10-04
diaper-and-wipes,Molfix Size 3 Midi (4-9kg),Rs. 3887,Rs. 2691,2023-10-04
diaper-and-wipes,Pampers Skin Comfort Pants Size 3 (7-11kg),68 piece,Rs. 2430,2023-10-04
diaper-and-wipes,Pampers Skin Comfort Newborn Diapers (3-7kg),Rs. 2770,Rs. 2570,2023-10-04
diaper-and-wipes,Canbebe Diapers Size 4 Maxi (7-18kg),60 piece,Rs. 1341,2023-10-04
diaper-and-wipes,Molfix Diapers Extra Large XL (6-15+ kg),Rs. 2775,Rs. 3276,2023-10-04
diaper-and-wipes,Molfix Size 2 Mini 3-6 kg,34 piece,Rs. 2412,2023-10-04
diaper-and-wipes,Molfix 3D UV Midi Mega Pack,Rs. 1700,Rs. 2890,2023-10-04
diaper-and-wipes,Pampers Skin Comfort Pants 7-11kg midi 56 Nappy Pants,28 piece,Rs. 1675,2023-10-04
diaper-and-wipes,Molfix Pants Size 5 Junior (12-17Kg),Rs. 2550,Rs. 3599,2023-10-04
diaper-and-wipes,Canbebe Diapers Size 3 (4-9kg),1 gm,Rs. 1670,2023-10-04
diaper-and-wipes,Molfix 3D UV Maxi Mega Pack,Rs. 2990,Rs. 2690,2023-10-04
diaper-and-wipes,Molfix Pants Size 4 Maxi (9-14Kg),46 piece,Rs. 3500,2023-10-04
diaper-and-wipes,Canbebe Diapers Size 5 (11-25kg),Rs. 2699,Rs. 1699,2023-10-04
diaper-and-wipes,Canbebe Pants Size 5 (12-18kg),42 piece,Rs. 1750,2023-10-04
utensils-and-accessories,"Home
›
Baby Care
›
Baby Care Essentials",Delivering to,Rs. 490,2023-10-04
nuts,"Home
›
Dry Fruit & Nuts
›
Nuts",Delivering to,Rs. 440,2023-10-04
nuts,Nuts,100 gm,Rs. 880,2023-10-04
nuts,Pistachio Roasted 100 GM (پستہ بھنا ہوا),200 gm,Rs. 430,2023-10-04
nuts,Pistachio Roasted 200 GM (پستہ بھنا ہوا),100 gm,Rs. 432,2023-10-04
burger-patties,"Home
›
Frozen & Chilled
›
Burger Patties",Delivering to,Rs. 1795,2023-10-04
burger-patties,Burger Patties,1488 gm,Rs. 1020,2023-10-04
burger-patties,Dawn Chicken Burger Patties 24 Pieces (1488g),550 gm,Rs. 1310,2023-10-04
burger-patties,Sabroso Zesty Fillet 550g,1070gm,Rs. 505,2023-10-04
burger-patties,K&N's Burger Patties 16 Pieces (1070g),400gm,Rs. 1020,2023-10-04
nuggets-and-snacks,"Home
›
Frozen & Chilled
›
Nuggets & Snacks",Delivering to,Rs. 1022,2023-10-04
nuggets-and-snacks,Nuggets & Snacks,850 gm,Rs. 450,2023-10-04
nuggets-and-snacks,K&N's Combo Wings 850g,Rs. 1135,Rs. 500,2023-10-04
nuggets-and-snacks,Dawn Chicken Nuggets 12 Pieces (270g),270 gm,Rs. 545,2023-10-04
nuggets-and-snacks,Dawn Chicken Shots 18-20 Pieces (260g),260 gm,Rs. 1220,2023-10-04
nuggets-and-snacks,Sabroso Chicken Pakora 400g,400 gm,Rs. 440,2023-10-04
nuggets-and-snacks,K&N's Chicken Croquettes 53-55 Pieces (1kg),1000 gm,Rs. 1210,2023-10-04
nuggets-and-snacks,K&N's Chicken Nuggets 12 Pieces (270g),270 gm,Rs. 1965,2023-10-04
nuggets-and-snacks,K&N's Chicken Nuggets 43-45 Pieces (1kg),1000 gm,Rs. 549,2023-10-04
nuggets-and-snacks,K&N's Chicken Nuggets 74-76 Pieces (1.7kg),1.7 Kg,Rs. 1160,2023-10-04
nuggets-and-snacks,K&N's Chicken Puff Patteze 12 Pieces,288 gm,Rs. 1130,2023-10-04
nuggets-and-snacks,K&N's Chicken Tempura 29-31 Pieces (660g),660 gm,Rs. 1070,2023-10-04
nuggets-and-snacks,K&N's Chicken Tender Pops 780g,780 gm,Rs. 455,2023-10-04
nuggets-and-snacks,K&N's Fun Nuggets 26-28 Pieces (795g),795 gm,Rs. 1170,2023-10-04
nuggets-and-snacks,K&N's Fun Nuggets 9 Pieces (265g),265 gm,Rs. 455,2023-10-04
nuggets-and-snacks,K&N's Haray Bharay Nuggets 45-47 Pieces (1kg),1000 gm,Rs. 1230,2023-10-04
